text,created_at
.@FoxNews  ï¿½ï¿½ï¿½Trump wins major victories in China and USMCA trade deals defense spending and Space Force.ï¿½ï¿½ï¿,12/17/2019 14:48
....energy independence manufacturing resilience illegal immigration coming down the Wall going up China confronted the caliphate defeated NAFTA renegotiated our military rebuilt NATO paying more regulations costing less.......and much more. This is why theyï¿½ï¿½ï¿½,12/16/2019 5:28
....energy independence manufacturing resilience illegal immigration coming down the Wall going up China confronted the caliphate defeated NAFTA renegotiated our militsry rebuilt NATO paying more regulations costing less.......and much more. This is why theyï¿½ï¿½ï¿½,12/16/2019 5:05
Chuck Schumer sat for years during the Obama Administration and watched as China ripped off the United States. He &amp; the Do Nothing Democrats did NOTHING as this $ carnage took place. Now without even seeing it he snipes at our GREAT new deal with China. Too bad Cryinï¿½ï¿½ï¿½ ,12/14/2019 19:09
We have agreed to a very large Phase One Deal with China. They have agreed to many structural changes and massive purchases of Agricultural Product Energy and Manufactured Goods plus much more. The 25% Tariffs will remain as is with 7 1/2% put on much of the remainder....,12/13/2019 15:25
The Wall Street Journal story on the China Deal is completely wrong especially their statement on Tariffs. Fake News. They should find a better leaker!,12/13/2019 14:06
Getting VERY close to a BIG DEAL with China. They want it and so do we!,12/12/2019 14:35
....Biden on the board of the largest natural gas company in Ukraine getting paid $83000 a month 10 times as much as a board member of @exxonmobil.ï¿½ï¿½ï¿½ Thank you Ted. He also  made a fortune from China and others but zero before his father became V.P. @MeetTh,12/8/2019 16:50
....with the U.S. Presidential Election in November. North Korea under the leadership of Kim Jong Un has tremendous economic potential but it must denuclearize as promised. NATO China Russia Japan and the entire world is unified on this issue!,12/8/2019 15:17
Why is the World Bank loaning money to China? Can this be possible? China has plenty of money and if they donï¿½ï¿½ï¿½t they create it.,12/7/2019 0:28
U.S. Markets are up as much as 21% since the announcement of Tariffs on 3/1/2018 - and the U.S. is taking in massive amounts of money (and giving some to our farmers who have been targeted by China)!,12/2/2019 11:11
Just finished a very good &amp; cordial meeting at the White House with Jay Powell of the Federal Reserve. Everything was discussed including interest rates negative interest low inflation easing Dollar strength &amp; its effect on manufacturing trade with China E.U. &amp; others etc.,11/18/2019 16:01
Just finished a very good &amp; cordial meeting at the White House with Jay Powell of the Federal Reserve. Everything was discused including interest rates negative interest low inflation easing Dollar strength &amp; its effect on manufacturing trade with China E.U. &amp; others etc.,11/18/2019 15:49
Our great Farmers will recieve another major round of ï¿½ï¿½ï¿½cashï¿½ï¿½ï¿½ compliments of China Tariffs prior to Thanksgiving. The smaller farms and farmers will be big beneficiaries. In the meantime and as you may have noticed China is starting to buy big again. Japan deal ,11/17/2019 16:08
....Ukrainian energy company and more millions taken from China and now reports of other companies and countries also giving him big money are certainly looking very corrupt (to put it mildly!) to me. Both Bidens should be forced to testify in this No Due Process Scam!,11/12/2019 11:25
....our manufacturers. We should have lower interest rates than Germany Japan and all others. We are now by far the biggest and strongest Country but the Fed puts us at a competitive disadvantage. China is not our problem the Federal Reserve is! We will win anyway.,10/31/2019 14:37
China and the USA are working on selecting a new site for signing of Phase One of Trade Agreement about 60% of total deal after APEC in Chile was canceled do to unrelated circumstances. The new location will be announced soon. President Xi and President Trump will do signing!,10/31/2019 13:24
A big scandal at @ABC News. They got caught using really gruesome FAKE footage of the Turks bombing in Syria. A real disgrace. Tomorrow they will ask softball questions to Sleepy Joe Bidenï¿½ï¿½ï¿½s son Hunter like why did Ukraine &amp; China pay you millions when you knew nothing? P,10/15/2019 0:21
....and Assad to protect the land of our enemy? Anyone who wants to assist Syria in protecting the Kurds is good with me whether it is Russia China or Napoleon Bonaparte. I hope they all do great we are 7000 miles away!,10/14/2019 19:10
CHINA HAS ALREADY BEGUN AGRICULTURAL PURCHASES FROM OUR GREAT PATRIOT FARMERS &amp; RANCHERS!,10/13/2019 21:50
My deal with China is that they will IMMEDIATELY start buying very large quantities of our Agricultural Product not wait until the deal is signed over the next 3 or 4 weeks. THEY HAVE ALREADY STARTED! Likewise financial services and other deal aspects start preparing....,10/13/2019 21:47
....I agreed not to increase Tariffs from 25% to 30% on October 15th. They will remain at 25%. The relationship with China is very good. We will finish out the large Phase One part of the deal then head directly into Phase Two. The Phase One Deal can be finalized &amp; signed soon!,10/13/2019 21:47
The deal I just made with China is by far the greatest and biggest deal ever made for our Great Patriot Farmers in the history of our Country. In fact there is a question as to whether or not this much product can be produced? Our farmers will figure it out. Thank you China!,10/12/2019 14:09
So funny to watch Steve Kerr grovel and pander when asked a simple question about China. He chocked and looks weak and pathetic. Donï¿½ï¿½ï¿½t want him at the White ,10/12/2019 3:25
RT @MariaBartiromo: USMCA passage China deal should be ï¿½ï¿½ï¿½a one-two punchï¿½ï¿½ï¿½: Rep. Tom Reed https://t.co/WcBsEjjir3 @MorningsMaria ,10/11/2019 15:32
One of the great things about the China Deal is the fact that for various reasons we do not have to go through the very long and politically complex Congressional Approval Process. When the deal is fully negotiated I sign it myself on behalf of our Country. Fast and Clean!,10/11/2019 14:15
Good things are happening at China Trade Talk Meeting. Warmer feelings than in recent past more like the Old Days. I will be meeting with the Vice Premier today. All would like to see something significant happen!,10/11/2019 13:49
Big day of negotiations with China. They want to make a deal but do I? I meet with the Vice Premier tomorrow at The White House.,10/10/2019 13:49
RT @ABCPolitics: President Trump criticizes Steve Kerr and Gregg Popovich ï¿½ï¿½ï¿½ both vocal critics of Trump ï¿½ï¿½ï¿½ when asked about China p,10/10/2019 1:35
I was elected on getting out of these ridiculous endless wars where our great Military functions as a policing operation to the benefit of people who donï¿½ï¿½ï¿½t even like the USA. The two most unhappy countries at this move are Russia &amp; China because they love seeing us bogge,10/7/2019 15:20
.@60Minutes ï¿½ï¿½ï¿½forgotï¿½ï¿½ï¿½ to report that we are helping the great farmers of the USA to the tune of 28 Billion Dollars for the last two years paid for out of Tariffs paid to the United States by China for targeting the farmer. They devalued their currency therefore payi,10/6/2019 23:54
....And by the way I would LOVE running against 1% Joe Biden - I just donï¿½ï¿½ï¿½t think itï¿½ï¿½ï¿½s going to happen. Sleepy Joe wonï¿½ï¿½ï¿½t get to the starting gate &amp; based on all of the money he &amp; his family probably ï¿½ï¿½ï¿½extortedï¿½ï¿½ï¿½ Joe should hang it up. I wouldnï¿½ï¿½ï¿½t ,10/6/2019 16:42
....and separately got 1.5 Billion Dollars from China despite no experience and for no apparent reason. There is NO WAY these can be legitimate transactions? As lawyers &amp; others have stated as President I have an OBLIGATION to look into possible or probable CORRUPTION!,10/6/2019 14:58
Somebody please wake up Mitt Romney and tell him that my conversation with the Ukrainian President was a congenial and very appropriate one and my statement on China pertained to corruption not politics. If Mitt worked this hard on Obama he could have won. Sadly he choked!,10/5/2019 14:06
RT @DeFede: This morning in the Florida Keys @marcorubio was asked about the President calling on China to investigate @JoeBiden - see hisï¿½,10/5/2019 2:02
Congratulations to President Xi and the Chinese people on the 70th Anniversary of the Peopleï¿½ï¿½ï¿½s Republic of ,10/1/2019 10:54
The Fake News Media wants to stay as far away as possible from the Ukraine and China deals made by the Bidens. A Corrupt Media is so bad for our Country! In actuality the Media may be even more Corrupt than the Bidens which is hard to do!,9/30/2019 14:03
....place in TRADE itï¿½ï¿½ï¿½s taking shape in Military Competition.ï¿½ï¿½ï¿½ Johnathan Ward author and China expert. We are winning and we will win. They should not have broken the deal we had with them. Happy Bir,9/30/2019 12:31
ýýýChina Trade Turmoil: China Urging a CALM AND RATIONAL Solution.ýýý @MariaBartiromo @FoxBusiness China is doing very poorly while the USA under your favorite Presidentýýýs leadership continues to soar to new heights - and despite the Do Nothing Democrats we have just begun!,9/30/2019 11:48
The President of Ukraine said that he was NOT pressured by me to do anything wrong. Canï¿½ï¿½ï¿½t have better testimony than that! As V.P. Biden had his son on the other hand take out millions of dollars by strong arming the Ukrainian President. Also looted millions from China,9/26/2019 23:02
....taken out of Ukraine and China. Additionally I demand transparency from Democrats that went to Ukraine and attempted to force the new President to do things that they wanted under the form of political threat.,9/25/2019 20:17
ýýýThe real story involves Hunter Biden going around the world and collecting large payments from foreign governments and foreign oligarchs.ýýý Peter Schweizer  Laura Ingraham Hunter made a fortune in Ukraine and in China. He knew nothing about Energy or anything else.,9/22/2019 13:39
Producer prices in China shrank most in 3 years due to Chinaï¿½ï¿½ï¿½s big devaluation of their currency coupled with monetary stimulus. Federal Reserve not watching? Will Fed ever get into the game? Dollar strongest EVER! Really bad for exports. No Inflation...Highest Interest Ra,9/16/2019 11:47
It is expected that China will be buying large amounts of our agricultural products!,9/12/2019 12:45
At the request of the Vice Premier of China Liu He and due to the fact that the People's Republic of China will be celebrating their 70th Anniversary....,9/11/2019 23:17
RT @MariaBartiromo: China is moving to develop a more level playing field: Sen. Perdue https://t.co/97UZWyhiJu  @MorningsMaria @FoxBusiness,9/11/2019 11:07
ýýýChina suspends Tariffs on some U.S. products. Being hit very hard supply chains breaking up as many companies move or look to move to other countries. Much more expensive to China than originally thought.ýýý @CNBC  @JoeSquawk,9/11/2019 10:14
China just enacted a major stimulus plan. With all the Tariffs THEY are paying to the USA Billions and Billions of Dollars they need it! In the meantime our Federal Reserve sits back and does NOTHING!,9/7/2019 3:05
ýýýChina is eating the Tariffs.ýýý Billions pouring into USA. Targeted Patriot Farmers getting massive Dollars from the incoming Tariffs! Good Jobs Numbers No Inflation(Fed). China having worst year in decades. Talks happening good for all!,9/6/2019 15:14
1. Which country has the largest carbon emission reduction?AMERICA!2. Who has dumped the most carbon into the air?   CHINA!3. 91% of the worldï¿½ï¿½ï¿½s population are exposed to air pollution above the World Health Organizationï¿½ï¿½ï¿½s suggested level.   NONE ARE IN,9/4/2019 21:08
....Trump is doing to China is not lost on the rest of the world. Europe has had among the most protectionist policies forever. Theyï¿½ï¿½ï¿½re sitting there and saying gee are we next? Maybe you are! Weï¿½ï¿½ï¿½ve got to change the rules. The U.S. canï¿½ï¿½ï¿½t defend the world ,9/4/2019 14:18
ýýýThe Chinese are very adept at not accepting anything. Youýýýve got to be very tough and thatýýýs what Trump is doing. Itýýýs in Chinaýýýs interest to correct and I think weýýýll end up with a solution thatýýýs dramatically better than we have today. Frankly I think the impact of what...,9/4/2019 14:18
ýýýU.S. Winning Trade War With China In Dollars.ýýý CNBC,9/4/2019 13:52
ýýýThe Chinese are very adept at not accepting anything. Youýýýve got to be very tough and thatýýýs what Trump is doing. Itýýýs in Chinaýýýs interest to correct and I think weýýýll end up with a solution thatýýýs dramatically better than we have today. Frankly I think the impact of what....,9/4/2019 13:44
....Trump is doing to China is not lost on the rest of the world. Europe has had among the most protectionist policies forever. Theyï¿½ï¿½ï¿½re sitting there and saying gee are we next? Maybe you are! Weï¿½ï¿½ï¿½ve got to change the rules. The U.S. canï¿½ï¿½ï¿½t defend the world and ,9/4/2019 13:44
For all of the ï¿½ï¿½ï¿½geniusesï¿½ï¿½ï¿½ out there many who have been in other administrations and ï¿½ï¿½ï¿½taken to the cleanersï¿½ï¿½ï¿½ by China that want me to get together with the EU and others to go after China Trade practices remember the EU &amp; all treat us VERY unfairly on ,9/3/2019 13:33
We are doing very well in our negotiations with China. While I am sure they would love to be dealing with a new administration so they could continue their practice of ï¿½ï¿½ï¿½ripoff USAï¿½ï¿½ï¿½($600 B/year)16 months PLUS is a long time to be hemorrhaging jobs and companies on a l,9/3/2019 13:12
....And then think what happens to China when I win. Deal would get MUCH TOUGHER! In the meantime Chinaï¿½ï¿½ï¿½s Supply Chain will crumble and businesses jobs and money will be,9/3/2019 13:12
....is about American Freedom. Redirect the supply chain. There is no reason to buy everything from China!,9/1/2019 12:25
Peter Morici Economist: Tariffs will not impact American consumers that much because the Chinese currency has gone down which gives our importers a discount. Importers can find suppliers outside of China. Absolutely worth it we donï¿½ï¿½ï¿½t want to be servants to the Chinese! T,9/1/2019 12:25
Just watched Congresswoman Debbie Dingell and many other Democrats wanting to give up on our very successful Trade battle with China which has had its worst Economic year in memory (and getting worse). We are taking in $Billions. Will be big for Farmers and ALL!,8/31/2019 18:29
General Motors which was once the Giant of Detroit is now one of the smallest auto manufacturers there. They moved major plants to China BEFORE I CAME INTO OFFICE. This was done despite the saving help given them by the USA. Now they should start moving back to America again?,8/30/2019 12:06
So interesting to read and see all of the free and interesting advice I am getting on China from people who have tried to handle it before and failed miserably - In fact they got taken to the cleaners. We are doing very well with China. This has never happened to them before!,8/28/2019 12:06
In France we are all laughing at how knowingly inaccurate the U.S. reporting of events and conversations at the G-7 is. These Leaders and many others are getting a major case study of Fake News at itï¿½ï¿½ï¿½s finest! Theyï¿½ï¿½ï¿½ve got it all wrong from Iran to China Tarif,8/25/2019 23:10
"RT @WhiteHouse: ""We have excess corn in various parts of our country with our farmers because China did not do what they said they were goiï¿½",8/25/2019 18:31
When I looked up to the sky and jokingly said ï¿½ï¿½ï¿½I am the chosen oneï¿½ï¿½ï¿½ at a press conference two days ago referring to taking on Trade with China little did I realize that the media would claim that I had a ï¿½ï¿½ï¿½Messiah complex.ï¿½ï¿½ï¿½ They knew I was kidding bein,8/24/2019 15:00
For all of the Fake News Reporters that donï¿½ï¿½ï¿½t have a clue as to what the law is relative to Presidential powers China etc. try looking at the Emergency Economic Powers Act of 1977. Case c,8/24/2019 3:58
RT @TreasurySpox: U.S. Treasury Designates China as a Currency Manipulator: https://t.co/7OnySGjzH1,8/24/2019 0:50
...unfair Trading Relationship. China should not have put new Tariffs on 75 BILLION DOLLARS of United States product (politically motivated!). Starting on October 1st the 250 BILLION DOLLARS of goods and products from China currently being taxed at 25% will be taxed at 30%...,8/23/2019 21:00
...Additionally the remaining 300 BILLION DOLLARS of goods and products from China that was being taxed from September 1st at 10% will now be taxed at 15%. Thank you for your attention to this matter!,8/23/2019 21:00
For many years China (and many other countries) has been taking advantage of the United States on Trade Intellectual Property Theft and much more. Our Country has been losing HUNDREDS OF BILLIONS OF DOLLARS a year to China with no end in sight....,8/23/2019 21:00
....Sadly past Administrations have allowed China to get so far ahead of Fair and Balanced Trade that it has become a great burden to the American Taxpayer. As President I can no longer allow this to happen! In the spirit of achieving Fair Trade we must Balance this very....,8/23/2019 21:00
....all deliveries of Fentanyl from China (or anywhere else!). Fentanyl kills 100000 Americans a year. President Xi said this would stop - it didnï¿½ï¿½ï¿½t. Our Economy because of our gains in the last 2 1/2 years is MUCH larger than that of China. We will keep it tha,8/23/2019 14:59
....better off without them. The vast amounts of money made and stolen by China from the United States year after year for decades will and must STOP. Our great American companies are hereby ordered to immediately start looking for an alternative to China including bringing..,8/23/2019 14:59
....your companies HOME and making your products in the USA. I will be responding to Chinaï¿½ï¿½ï¿½s Tariffs this afternoon. This is a GREAT opportunity for the United States. Also I am ordering all carriers including Fed Ex Amazon UPS and the Post Office to SEARCH FOR &amp; REFU,8/23/2019 14:59
Our Country has lost stupidly Trillions of Dollars with China over many years. They have stolen our Intellectual Property at a rate of Hundreds of Billions of Dollars a year &amp; they want to continue. I wonï¿½ï¿½ï¿½t let that happen! We donï¿½ï¿½ï¿½t need China and frankly woul,8/23/2019 14:59
Doing great with China and other Trade Deals. The only problem we have is Jay Powell and the Fed. Heï¿½ï¿½ï¿½s like a golfer who canï¿½ï¿½ï¿½t putt has no touch. Big U.S. growth if he does the right thing BIG CUT - but donï¿½ï¿½ï¿½t count on him! So far he has called it wrong and on,8/21/2019 12:52
Our economy is the best in the world by far. Lowest unemployment ever within almost all categories. Poised for big growth after trade deals are completed. Import prices down China eating Tariffs. Helping targeted Farmers from big Tariff money coming in. Great future for USA!,8/18/2019 19:24
We are doing very well with China and talking!,8/18/2019 18:27
ýýýIf they donýýýt get this Trade Deal with the U.S. done China could have it first recession (or worse!) in years. Thereýýýs disinvestment in China right now. Also the Fed is too tight (I agree).ýýý Steve Moore Heritage Foundation,8/15/2019 20:14
Biden doesnï¿½ï¿½ï¿½t have a clue! I will solve the China problem. https://t.co/v0sA,8/15/2019 19:29
The Fake News Media is doing everything they can to crash the economy because they think that will be bad for me and my re-election. The problem they have is that the economy is way too strong and we will soon be winning big on Trade and everyone knows that including China!,8/15/2019 16:52
RT @realDonaldTrump: Good things were stated on the call with China the other day. They are eating the Tariffs with the devaluation of theiï¿½,8/15/2019 13:59
RT @realDonaldTrump: ..deferral to December. It actually helps China more than us but will be reciprocated. Millions of jobs are being losï¿½,8/15/2019 13:59
I know President Xi of China very well. He is a great leader who very much has the respect of his people. He is also a good man in a ï¿½ï¿½ï¿½tough business.ï¿½ï¿½ï¿½ I have ZERO doubt that if President Xi wants to quickly and humanely solve the Hong Kong problem he can do it. Perso,8/14/2019 22:59
Good things were stated on the call with China the other day. They are eating the Tariffs with the devaluation of their currency and ï¿½ï¿½ï¿½pouringï¿½ï¿½ï¿½ money into their system. The American consumer is fine with or without the September date but much good will come from th,8/14/2019 22:32
..deferral to December. It actually helps China more than us but will be reciprocated. Millions of jobs are being lost in China to other non-Tariffed countries. Thousands of companies are leaving. Of course China wants to make a deal. Let them work humanely with Hong Kong first!,8/14/2019 22:32
We are winning big time against China. Companies &amp; jobs are fleeing. Prices to us have not gone up and in some cases have come down. China is not our problem though Hong Kong is not helping. Our problem is with the Fed. Raised too much &amp; too fast. Now too slow to cut....,8/14/2019 19:21
As usual China said they were going to be buying ï¿½ï¿½ï¿½bigï¿½ï¿½ï¿½ from our great American Farmers. So far they have not done what they said. Maybe this will b,8/13/2019 14:10
Through massive devaluation of their currency and pumping vast sums of money into their system the tens of billions of dollars that the U.S. is receiving is a gift from China. Prices not up no inflation. Farmers getting more than China would be spending. Fake News wonï¿½ï¿½ï¿½t r,8/13/2019 12:49
China wants to make a deal so badly. Thousands of companies are leaving because of the Tariffs they must stem the flow. At the same time China may be hoping for a Democrat to win so they could continue the great ripoff of America &amp; the theft of hundreds of Billions of $ï¿½ï¿,8/10/2019 21:58
Watching Sleepy Joe Biden making a speech. Sooo Boring! The LameStream Media will die in the ratings and clicks with this guy. It will be over for them not to mention the fact that our Country will do poorly with him. It will be one big crash but at least China will be happy!,8/7/2019 19:01
ýýýThree more Central Banks cut rates.ýýý Our problem is not China - We are stronger than ever money is pouring into the U.S. while China is losing companies by the thousands to other countries and their currency is under siege - Our problem is a Federal Reserve that is too.....,8/7/2019 12:46
.@sundarpichai of Google was in the Oval Office working very hard to explain how much he liked me what a great job the Administration is doing that Google was not involved with Chinaï¿½ï¿½ï¿½s military that they didnï¿½ï¿½ï¿½t help Crooked Hillary over me in the 2016 Election &amp; ,8/6/2019 17:51
As they have learned in the last two years our great American Farmers know that China will not be able to hurt them in that their President has stood with them and done what no other president would do - And Iï¿½ï¿½ï¿½ll do it again next year if nece,8/6/2019 12:36
Massive amounts of money from China and other parts of the world is pouring into the United States for reasons of safety investment and interest rates! We are in a very strong position. Companies are also coming to the U.S. in big numbers. A beautiful thing to watch!,8/6/2019 12:00
@sundarpichai of Google was in the Oval Office working very hard to explain how much he liked me what a great job the Administration is doing that Google was not involved with Chinaï¿½ï¿½ï¿½s military that they didnï¿½ï¿½ï¿½t help Crooked Hillary over me in the 2016 Election and ,8/6/2019 11:47
China is intent on continuing to receive the hundreds of Billions of Dollars they have been taking from the U.S. with unfair trade practices and currency manipulation. So one-sided it should have been stopped many years ago!,8/5/2019 16:00
Based on the historic currency manipulation by China it is now even more obvious to everyone that Americans are not paying for the Tariffs ï¿½ï¿½ï¿½ they are being paid for compliments of China and the U.S. is taking in tens of Billions of Dollars! China has alwa,8/5/2019 15:58
China dropped the price of their currency to an almost a historic low. Itï¿½ï¿½ï¿½s called ï¿½ï¿½ï¿½currency manipulation.ï¿½ï¿½ï¿½ Are you listening Federal Reserve? This is a major violation which will greatly weake,8/5/2019 12:12
Things are going along very well with China. They are paying us Tens of Billions of Dollars made possible by their monetary devaluations and pumping in massive amounts of cash to keep their system going. So far our consumer is paying nothing - and no inflation. No help from Fed!,8/3/2019 12:46
...We look forward to continuing our positive dialogue with China on a comprehensive Trade Deal and feel that the future between our two countries will be a very bright one!,8/1/2019 17:26
...during the talks the U.S. will start on September 1st putting a small additional Tariff of 10% on the remaining 300 Billion Dollars of goods and products coming from China into our Country. This does not include the 250 Billion Dollars already Tariffed at 25%...,8/1/2019 17:26
Our representatives have just returned from China where they had constructive talks having to do with a future Trade Deal. We thought we had a deal with China three months ago but sadly China decided to re-negotiate the deal prior to signing. More recently China agreed to...,8/1/2019 17:26
China Iran &amp; other foreign countries are looking at the Democrat Candidates and ï¿½ï¿½ï¿½droolingï¿½ï¿½ï¿½ over the small prospect that they could be dealing with them in the not too distant future. They would be able to rip off our beloved USA like never before. With President T,8/1/2019 14:24
What the Market wanted to hear from Jay Powell and the Federal Reserve was that this was the beginning of a lengthy and aggressive rate-cutting cycle which would keep pace with China The European Union and other countries around the world....,7/31/2019 20:41
China has lost 5 million jobs and two million manufacturing jobs due to the Trump Tariffs. Trumps got China back on its heels and the United States is doing great. @AndyPuzder @MariaBartiromo,7/30/2019 12:40
China is doing very badly worst year in 27 - was supposed to start buying our agricultural product now - no signs that they are doing so. That is the problem with China they just donï¿½ï¿½ï¿½t come through. Our Economy has become MUCH larger than the Chinese Economy is last 3 yea,7/30/2019 11:09
....countries that know how to play the game against the U.S. Thatï¿½ï¿½ï¿½s actually why the E.U. was formed....and for China until now the U.S. has been ï¿½ï¿½ï¿½easy pickens.ï¿½ï¿½ï¿½ The Fed has made all of the wrong moves. A small rate cut is not enough but w,7/29/2019 13:18
The E.U. and China will further lower interest rates and pump money into their systems making it much easier for their manufacturers to sell product. In the meantime and with very low inflation our Fed does nothing - and probably will do very little by comparison. Too bad!,7/29/2019 11:48
Apple will not be given Tariff waiver or relief for Mac Pro parts that are made in China. Make them in the USA no Tariffs!,7/26/2019 15:25
Apple will not be given Tariff wavers or relief for Mac Pro parts that are made in China. Make them in the USA no Tariffs!,7/26/2019 14:08
There may or may not be National Security concerns with regard to Google and their relationship with China. If there is a problem we will find out about it. I sincerely hope there is not!!!,7/26/2019 14:02
Farmers are starting to do great again after 15 years of a downward spiral. The 16 Billion Dollar China ï¿½ï¿½ï¿½replacementï¿½ï¿½ï¿½ money didnï¿½ï¿½,7/23/2019 11:54
....with the U.S. and wishes it had not broken the original deal in the first place. In the meantime we are receiving Billions of Dollars in Tariffs from China with possibly much more to come. These Tariffs are paid for by China devaluing &amp; pumping not by the U.S. taxpayer!,7/15/2019 10:43
Chinaï¿½ï¿½ï¿½s 2nd Quarter growth is the slowest it has been in more than 27 years. The United States Tariffs are having a major effect on companies wanting to leave China for non-tariffed countries. Thousands of companies are leaving. This is why China wants to make a de,7/15/2019 10:43
.....if Mexico produces (which I think they will). Biggest part of deal with Mexico has not yet been revealed! China is similar except they devalue currency &amp; subsidize companies to lessen effect of 25% Tariffs. So far little effect to consumers. Companies will relocate to U.S.,7/12/2019 12:48
Mexico is doing great at the Border but China is letting us down in that they have not been buying the agricultural products from our great Farmers that they said they would. Hopefully they will start soon!,7/11/2019 14:04
Joe Biden is a reclamation project. Some things are just not salvageable. China and other countries that ripped us off for years are begging for him. He deserted our military our law enforcement and our healthcare. Added more debt than all other Presidents combined. Wonï¿½ï¿½ï¿½,7/6/2019 12:45
China and Europe playing big currency manipulation game and pumping money into their system in order to compete with USA. We should MATCH or continue being the dummies who sit back and politely watch as other countries continue to play their games - as they have for many years!,7/3/2019 14:21
....again with China as our relationship with them continues to be a very good one. The quality of the transaction is far more important to me than speed. I am in no hurry but things look very good! There will be no reduction in the Tariffs currently being charged to China.,6/29/2019 22:32
I had a great meeting with President Xi of China yesterday far better than expected. I agreed not to increase the already existing Tariffs that we charge China while we continue to negotiate. China has agreed that during the negotiation they will begin purchasing large.....,6/29/2019 22:32
.....again with China as our relationship with them continues to be a very good one. The quality of the transaction is far more important to me than speed. I am in no hurry but things look very good! Their will be no reduction in the Tariffs currently being charged to China.,6/29/2019 21:22
I had a great meeting with President Xi of China yesterday far better than expected. I agreed not to increase the already existing Tariffs that we charge China while we continue to negotiate. China has agreed that during the negotiation they will begin purchasing large......,6/29/2019 21:22
After some very important meetings including my meeting with President Xi of China I will be leaving Japan for South Korea (with President Moon). While there if Chairman Kim of North Korea sees this I would meet him at the Border/DMZ just to shake his hand and say Hello(?)!,6/28/2019 22:51
China gets 91% of its Oil from the Straight Japan 62% &amp; many other countries likewise. So why are we protecting the shipping lanes for other countries (many years) for zero compensation. All of these countries should be protecting their own ships on what has always been....,6/24/2019 12:08
Had a very good telephone conversation with President Xi of China. We will be having an extended meeting next week at the G-20 in Japan. Our respective teams will begin talks prior to our meeting.,6/18/2019 13:39
Mario Draghi just announced more stimulus could come which immediately dropped the Euro against the Dollar making it unfairly easier for them to compete against the USA. They have been getting away with this for years along with China and others.,6/18/2019 10:53
ýýýBiden would be Chinaýýýs Dream Candidate because there would be no more Tariffs no more demands that China stop stealing our IP things would go back to the old days with Americaýýýs manufacturers &amp; workers getting shafted. He has Zero Credibility!ýýý @IngrahamAngle  So true!,6/13/2019 3:50
ýýýBiden would be Americaýýýs Dream Candidate because there would be no more Tariffs no more demands that China stop stealing our IP things would go back to the old days with Americaýýýs manufacturers &amp; workers getting shafted. He has Zero Credibility!ýýý @IngrahamAngle  So true!,6/13/2019 3:07
....If Mexico produces (which I think they will). Biggest part of deal with Mexico has not yet been revealed! China is similar except they devalue currency and subsidize companies to lessen effect of 25% Tariff. So far little effect to consumer. Companies will relocate to U.S.,6/11/2019 13:14
China is subsidizing its product in order that it can continue to be sold in the USA. Many firms are leaving China for other countries including the United States in order to avoid paying the Tariffs. No visible increase in costs or inflation but U.S. is taking in Billions!,6/7/2019 16:36
China is subsidizing its product in order that it can continue to be sold in the USA. Many firms are leaving China for other countries including the United States in order to avoid paying the Tariffs. No visible increase in costs or inflation but U.S. is taking Billions!,6/3/2019 10:07
Washington Post got it wrong as usual. The U.S. is charging 25% against 250 Billion Dollars of goods shipped from China not 200 BD. Also China is paying a heavy cost in that they will subsidize goods to keep them coming devalue their currency yet companies are moving to.....,6/1/2019 20:37
RT @GOPChairwoman: The @realDonaldTrump administration's fight for better trade deals doesn't end with China. The president is working haï¿½,5/25/2019 20:45
Looks like Bernie Sanders is history. Sleepy Joe Biden is pulling ahead and think about it Iï¿½ï¿½ï¿½m only here because of Sleepy Joe and the man who took him off the 1% trash heap President O! China wants Sleepy Joe ,5/20/2019 14:08
China will be pumping money into their system and probably reducing interest rates as always in order to make up for the business they are and will be losing. If the Federal Reserve ever did a ï¿½ï¿½ï¿½matchï¿½ï¿½ï¿½ it would be game over we win! In any event China w,5/14/2019 12:35
Our great Patriot Farmers will be one of the biggest beneficiaries of what is happening now. Hopefully China will do us the honor of continuing to buy our great farm product the best but if not your Country will be making up the difference based on a very high China buy......,5/14/2019 11:29
....This money will come from the massive Tariffs being paid to the United States for allowing China and others to do business with us. The Farmers have been ï¿½ï¿½ï¿½forgottenï¿½ï¿½ï¿½ for many years. Their ,5/14/2019 11:29
When the time is right we will make a deal with China. My respect and friendship with President Xi is unlimited but as I have told him many times before this must be a great deal for the United States or it just doesnï¿½ï¿½ï¿½t make any sense. We have to be allowed to make up som,5/14/2019 11:16
....of the tremendous ground we have lost to China on Trade since the ridiculous one sided formation of the WTO. It will all happen and much faster than people think!,5/14/2019 11:16
We can make a deal with China tomorrow before their companies start leaving so as not to lose USA business but the last time we were close they wanted to renegotiate the deal. No way! We are in a much better position now than any deal we could have made. Will be taking in.....,5/14/2019 10:51
....so that they will be more competitive for USA buyers. We are now a much bigger economy than China and have substantially increased in size since the great 2016 Election. We are the ï¿½ï¿½ï¿½piggy bankï¿½ï¿½ï¿½ that everyone wants to raid and take advantage ,5/14/2019 10:31
China buys MUCH less from us than we buy from them by almost 500 Billion Dollars so we are in a fantastic position. Make your product at home in the USA and there is no Tariff. You can also buy from a non-Tariffed country instead of China. Many companies are leaving China.....,5/14/2019 10:31
In one year Tariffs have rebuilt our Steel Industry - it is booming! We placed a 25% Tariff on ï¿½ï¿½ï¿½dumpedï¿½ï¿½ï¿½ steel from China &amp; other countries and we now have a big and growing industry. We had to save Steel for our defense and auto industries both of which are coming ,5/14/2019 10:15
..There will be nobody left in China to do business with. Very bad for China very good for USA! But China has taken so advantage of the U.S. for so many years that they are way ahead (Our Presidents did not do the job). Therefore China should not retaliate-will only get worse!,5/13/2019 15:55
There is no reason for the U.S. Consumer to pay the Tariffs which take effect on China today. This has been proven recently when only 4 points were paid by the U.S. 21 points by China because China subsidizes product to such a large degree. Also the Tariffs can be.....,5/13/2019 15:55
...completely avoided if you buy from a non-Tariffed Country or you buy the product inside the USA (the best idea). Thatï¿½ï¿½ï¿½s Zero Tariffs. Many Tariffed companies will be leaving China for Vietnam and other such countries in Asia. Thatï¿½ï¿½ï¿½s why China wants to make a deal ,5/13/2019 15:55
RT @GOPChairwoman: Joe Biden let China get away with cheating when he was Vice President and he continues to naively dismiss China today.ï¿½,5/13/2019 13:12
The unexpectedly good first quarter 3.2% GDP was greatly helped by Tariffs from China. Some people just donï¿½ï¿½ï¿½t g,5/13/2019 11:02
I say openly to President Xi &amp; all of my many friends in China that China will be hurt very badly if you donï¿½ï¿½ï¿½t make a deal because companies will be forced to leave China for other countries. Too expensive to buy in China. You had a great deal almost completed &amp; you backe,5/13/2019 10:49
Their is no reason for the U.S. Consumer to pay the Tariffs which take effect on China today. This has been proven recently when only 4 points were paid by the U.S. 21 points by China because China subsidizes product to such a large degree. Also the Tariffs can be.....,5/13/2019 10:40
....completely avoided if you by from a non-Tariffed Country or you buy the product inside the USA (the best idea). Thatï¿½ï¿½ï¿½s Zero Tariffs. Many Tariffed companies will be leaving China for Vietnam and other such countries in Asia. Thatï¿½ï¿½ï¿½s why China wants to make a deal ,5/13/2019 10:40
..There will be nobody left in China to do business with. Very bad for China very good for USA! But China has taken so advantage of the U.S. for so many years that they are way ahead (Our Presidents did not do the job). Therefore China should not retaliate-will only get worse!,5/13/2019 10:40
China is DREAMING that Sleepy Joe Biden or any of the others gets elected in 2020. They LOVE ripping off America!,5/12/2019 23:22
We are right where we want to be with China. Remember they broke the deal with us &amp; tried to renegotiate. We will be taking in Tens of Billions of Dollars in Tariffs from China. Buyers of product can make it themselves in the USA (ideal) or buy it from non-Tariffed countries...,5/12/2019 21:06
....We will then spend (match or better) the money that China may no longer be spending with our Great Patriot Farmers (Agriculture) which is a small percentage of total Tariffs received and distribute the food to starving people in nations around the world! GREAT! #MAGA,5/12/2019 21:06
RT @realDonaldTrump: I think that China felt they were being beaten so badly in the recent negotiation that they may as well wait around foï¿½,5/12/2019 3:40
RT @GOPChairwoman: An Ohio manufacturing CEO explains that cracking down on China has meant stability and predictability for his business.ï¿½,5/11/2019 23:27
I think that China felt they were being beaten so badly in the recent negotiation that they may as well wait around for the next election 2020 to see if they could get lucky &amp; have a Democrat win - in which case they would continue to rip-off the USA for $500 Billion a year....,5/11/2019 22:18
RT @GovMikeHuckabee: I sure wish Sen Richard Burr was as interested in Biden's cushy deals w/ Ukraine &amp; China while VP than he is in the haï¿½,5/11/2019 12:19
RT @GOPChairwoman: While @realDonaldTrump is standing up to Chinaï¿½ï¿½ï¿½s unfair trade practices Joe Biden says they are not ï¿½ï¿½ï¿½competiti,5/11/2019 12:17
RT @GOP: ï¿½ï¿½ï¿½This is crazy... China not being a threat? [Biden is] so out of touch.ï¿½ï¿½ï¿½ -@kayleighmcenany https://t.c,5/11/2019 12:16
RT @LindseyGrahamSC: When it comes to China they will never change their behavior until someone stands up to them.  Iï¿½ï¿½ï¿½m proud of Presid,5/11/2019 12:14
RT @TommyHicksGOP: For years China has engaged in unfair trade practices. While the US-China relationship is important @realDonaldTrump iï¿½,5/11/2019 12:08
RT @LindseyGrahamSC: Will stand behind President @realDonaldTrump and his team as he insists on a  great deal with China.  Itï¿½ï¿½ï¿½s our l,5/11/2019 12:07
RT @LindseyGrahamSC: @realDonaldTrump When it comes to China we must be willing to accept short term pain for long term gain. Stick to yï¿½,5/11/2019 12:07
RT @realDonaldTrump: ....If we bought 15 Billion Dollars of Agriculture from our Farmers far more than China buys now we would have moreï¿½,5/11/2019 0:11
Over the course of the past two days the United States and China have held candid and constructive conversations on the status of the trade relationship between both countries. The relationship between President Xi and myself remains a very strong one and conversations....,5/10/2019 19:14
....into the future will continue. In the meantime the United States has imposed Tariffs on China which may or may not be removed depending on what happens with respect to future negotiations!,5/10/2019 19:14
ýýýWe have been engaged in an unfair relationship with China for a long time. They have reneged on the commitments they made to the WTO particularly around intellectual property.ýýý Carly Fiorina @MariaBartiromo,5/10/2019 13:39
Your all time favorite President got tired of waiting for China to help out and start buying from our FARMERS the greatest anywhere in the World!,5/10/2019 12:55
....If we bought 15 Billion Dollars of Agriculture from our Farmers far more than China buys now we would have more than 85 Billion Dollars left over for new Infrastructure Healthcare or anything else. China would greatly slow down and we would automatically speed up!,5/10/2019 12:07
Tariffs will make our Country MUCH STRONGER not weaker. Just sit back and watch! In the meantime China should not renegotiate deals with the U.S. at the last minute. This is not the Obama Administration or the Administration of Sleepy Joe who let China get away with ï¿½ï¿½ï¿½murd,5/10/2019 11:48
....The process has begun to place additional Tariffs at 25% on the remaining 325 Billion Dollars. The U.S. only sells China approximately 100 Billion Dollars of goods &amp; products a very big imbalance. With the over 100 Billion Dollars in Tariffs that we take in we will buy.....,5/10/2019 11:43
....agricultural products from our Great Farmers in larger amounts than China ever did and ship it to poor &amp; starving countries in the form of humanitarian assistance. In the meantime we will continue to negotiate with China in the hopes that they do not again try to redo deal!,5/10/2019 11:43
Talks with China continue in a very congenial manner - there is absolutely no need to rush - as Tariffs are NOW being paid to the United States by China of 25% on 250 Billion Dollars worth of goods &amp; products. These massive payments go directly to the Treasury of the U.S....,5/10/2019 11:43
We have lost 500 Billion Dollars a year for many years on Crazy Trade with China. NO MORE!,5/10/2019 11:24
....The process has begun to place additional Tariffs at 25% on the remaining 325 Billion Dollars. The U.S. only sells China approximately 100 Billion Dollars of goods &amp; products a very big imbalance. With the over 100 Billion Dollars in Tariffs that we take in we will buy.....,5/10/2019 11:22
....agricultural products from our Great Farmers in larger amounts than China ever did and ship it to poor &amp; starving countries in the form of humanitarian assistance. In the meantime we will continue to negotiate with China in the hopes that they do not again try to redo deal!,5/10/2019 11:22
....If we bought 15 Billion Dollars of Agriculture from our Farmers far more than China buys now we would have more than 85 Billion Dollars left over for new Infrastructure Healthcare or anything else. China would greatly slow down and we would automatically speed up!,5/10/2019 11:22
....agricultural products from our Great Farmers in larger amounts than China ever did and ship it to poor &amp; starving countries in the form of humanitarian assistance. In the meantime we will continue to negotiate with China in the hopes that they do not again try to redo deal!,5/10/2019 10:53
....If we bought 15 Billion Dollars of Agriculture from our Farmers far more than China buys now we would have more than 85 Billion Dollars left over for new Infrastructure Healthcare or anything else. China would greatly slow down and we would automatically speed up!,5/10/2019 10:53
Talks with China continue in a very congenial manner - there is absolutely no need to rush - as Tariffs are NOW being paid to the United States by China of 25% on 250 Billion Dollars worth of goods &amp; products. These massive payments go directly to the Treasury of the U.S.......,5/10/2019 10:53
....The process has begun to place additional Tariffs at 25% on the remaining 325 Billion Dollars. The U.S. only sells China approximately 100 Billion Dollars of goods &amp; products a very big imbalance. With the over 100 Billion Dollars in Tariffs that we take in we will buy.....,5/10/2019 10:53
ýýýThe reality is with the Tariffs the economy has grown more rapidly in the United States and much more slowly in China.ýýý Peter Morici Former Chief Economist USITC,5/8/2019 20:58
....Guess what thatï¿½ï¿½ï¿½s not going to happen! China has just informed us that they (Vice-Premier) are now coming to the U.S. to make a deal. Weï¿½ï¿½ï¿½ll see but I am very happy with over $100 Billion a year in Tariffs filling U.S. coffers...great for U.S. not goo,5/8/2019 12:48
The reason for the China pullback &amp; attempted renegotiation of the Trade Deal is the sincere HOPE that they will be able to ï¿½ï¿½ï¿½negotiateï¿½ï¿½ï¿½ with Joe Biden or one of the very weak Democrats and thereby continue to ripoff the United States (($500 Billion a year)) for years,5/8/2019 12:48
The United States has been losing for many years 600 to 800 Billion Dollars a year on Trade. With China we lose 500 Billion Dollars. Sorry weï¿½ï¿½ï¿½re not going to be doing that an,5/6/2019 11:08
RT @IngrahamAngle: Excellent decision by @realDonaldTrump! No other president has had the guts to take on the China challenge.  #AmericaNowï¿½,5/5/2019 20:22
For 10 months China has been paying Tariffs to the USA of 25% on 50 Billion Dollars of High Tech and 10% on 200 Billion Dollars of other goods. These payments are partially responsible for our great economic results. The 10% will go up to 25% on Friday. 325 Billions Dollars....,5/5/2019 16:08
....of additional goods sent to us by China remain untaxed but will be shortly at a rate of 25%. The Tariffs paid to the USA have had little impact on product cost mostly borne by China. The Trade Deal with China continues but too slowly as they attempt to renegotiate. No!,5/5/2019 16:08
RT @DailyCaller: DOJ Asks Courts To Lighten Up On Qualcomm As It Battles China For 5G Supremacy https://t.co/6CEMpAwJZF,5/5/2019 1:49
Had a long and very good conversation with President Putin of Russia. As I have always said long before the Witch Hunt started getting along with Russia China and everyone is a good thing not a bad thing....,5/3/2019 17:06
China is adding great stimulus to its economy while at the same time keeping interest rates low. Our Federal Reserve has incessantly lifted interest rates even though inflation is very low and instituted a very big dose of quantitative tightening. We have the potential to go...,4/30/2019 17:56
Despite the unnecessary and destructive actions taken by the Fed the Economy is looking very strong the China and USMCA deals are moving along nicely there is little or no Inflation and USA optimism is very high!,4/4/2019 12:01
....are all coming back to the U.S. So is everyone else. We now have the best Economy in the World the envy of all. Get that big beautiful plant in Ohio open now. Close a plant in China or Mexico where you invested so heavily pre-Trump but not in the U.S.A. Bring jobs home!,3/18/2019 11:45
Google is helping China and their military but not the U.S. Terrible! The good news is that they helped Crooked Hillary Clinton and not Trump....and how did that turn out?,3/16/2019 21:07
I have asked China to immediately remove all Tariffs on our agricultural products (including beef pork etc.) based on the fact that we are moving along nicely with Trade discussions....,3/1/2019 23:08
All false reporting (guessing) on my intentions with respect to North Korea. Kim Jong Un and I will try very hard to work something out on Denuclearization &amp; then making North Korea an Economic Powerhouse. I believe that China Russia Japan &amp; South Korea will be very helpful!,2/27/2019 9:45
If a deal is made with China our great American Farmers will be treated better than they have ever been treated before!,2/26/2019 0:04
China Trade Deal (and more) in advanced stages. Relationship between our two Countries is very strong. I have therefore agreed to delay U.S. tariff hikes. Letï¿½ï¿½ï¿½s see what ha,2/25/2019 20:12
....productive talks I will be delaying the U.S. increase in tariffs now scheduled for March 1. Assuming both sides make additional progress we will be planning a Summit for President Xi and myself at Mar-a-Lago to conclude an agreement. A very good weekend for U.S. &amp; China!,2/24/2019 22:50
I am pleased to report that the U.S. has made substantial progress in our trade talks with China on important structural issues including intellectual property protection technology transfer agriculture services currency and many other issues. As a result of these very......,2/24/2019 22:39
President Xi of China has been very helpful in his support of my meeting with Kim Jong Un. The last thing China wants are large scale nuclear weapons right next door. Sanctions placed on the border by China and Russia have been very helpful. Great relationship with Chairman Kim!,2/24/2019 13:05
Very productive talks yesterday with China on Trade. Will continue today! I will be leaving for Hanoi Vietnam early tomorrow for a Summit with Kim Jong Un of North Korea where we both expect a continuation of the progress made at first Summit in Singapore. Denuclearization?,2/24/2019 12:58
RT @seanhannity: **REPORT: ï¿½ï¿½ï¿½China is proposing that it could buy an additional $30 billion a year of U.S. agricultural products includin,2/24/2019 4:02
Important meetings and calls on China Trade Deal and more today with my staff. Big progress being made on soooo many different fronts! Our Country has such fantastic potential for future growth and greatness on an even higher level!,2/17/2019 12:00
Trade negotiators have just returned from China where the meetings on Trade were very productive. Now at meetings with me at Mar-a-Lago giving the details. In the meantime Billions of Dollars are being paid to the United States by China in the form of Trade Tariffs!,2/17/2019 0:17
Looking for China to open their Markets not only to Financial Services which they are now doing but also to our Manufacturing Farmers and other U.S. businesses and industries. Without this a deal would be unacceptable!,1/31/2019 14:56
....Chinaï¿½ï¿½ï¿½s representatives and I are trying to do a complete deal leaving NOTHING unresolved on the table. All of the many problems are being discussed and will be hopefully resolved. Tariffs on China increase to 25% on March 1st so all working hard to complete by that,1/31/2019 12:56
Chinaï¿½ï¿½ï¿½s top trade negotiators are in the U.S. meeting with our representatives. Meetings are going well with good intent and spirit on both sides. China does not want an increase in Tariffs and feels they will do much better if they make a deal. They are correct. I will be,1/31/2019 12:41
China posts slowest economic numbers since 1990 due to U.S. trade tensions and new policies. Makes so much sense for China to finally do a Real Deal and stop playing around!,1/21/2019 21:57
For decades politicians promised to secure the border fix our trade deals bring back our factories get tough on China move the Embassy to Jerusalem make NATO pay their fair share and so much else - only to do NOTHING (or worse)....,1/14/2019 22:19
Talks with China are going very well!,1/8/2019 13:16
Michael Pillsbury interviewed by @cvpayne: ï¿½ï¿½ï¿½They have the motive of making the President look bad ï¿½ï¿½ï¿½ instead of President Trump being portrayed as a HERO. The first President to take China on itï¿½ï¿½ï¿½s 20,1/4/2019 1:19
The United States Treasury has taken in MANY billions of dollars from the Tariffs we are charging China and other countries that have not treated us fairly. In the meantime we are doing well in various Trade Negotiations currently going on. At some point this had to be done!,1/3/2019 14:52
Just had a long and very good call with President Xi of China. Deal is moving along very well. If made it will be very comprehensive covering all subjects areas and points of dispute. Big progress being made!,12/29/2018 16:03
There has never been a president who has been tougher (but fair) on China or Russia - Never just look at the facts. The Fake News tries so hard to paint the opposite picture.,12/21/2018 14:41
It is incredible that with a very strong dollar and virtually no inflation the outside world blowing up around us Paris is burning and China way down the Fed is even considering yet another interest rate hike. Take the Victory!,12/17/2018 13:27
China just announced that their economy is growing much slower than anticipated because of our Trade War with them. They have just suspended U.S. Tariff Hikes. U.S. is doing very well. China wants to make a big and very comprehensive deal. It could happen and rather soon!,12/14/2018 16:35
China just announce the there economy is growing much slower than anticipated because of our Trade War with them. They have just suspended U.S. Tariff Hikes. U.S. is doing very well. China wants to make a big and very comprehensive deal. It could happen and rather soon!,12/14/2018 16:25
Very productive conversations going on with China! Watch for some important announcements!,12/11/2018 13:19
China talks are going very well!,12/7/2018 13:13
Statement from China: ï¿½ï¿½ï¿½The teams of both sides are now having smooth communications and good cooperation with each other. We are full of confidence that an agreement can be reached within the next 90 days.ï¿½ï¿½,12/7/2018 0:56
.....considered to be the worst and most dangerous addictive and deadly substance of them all. Last year over 77000 people died from Fentanyl. If China cracks down on this ï¿½ï¿½ï¿½horror drugï¿½ï¿½ï¿½ using the Death Penalty for distributors and pushers the results will be,12/5/2018 13:51
One of the very exciting things to come out of my meeting with President Xi of China is his promise to me to criminalize the sale of deadly Fentanyl coming into the United States. It will now be considered a ï¿½ï¿½ï¿½controlled substance.ï¿½ï¿½ï¿½ This could be a game changer on wh,12/5/2018 13:44
Very strong signals being sent by China once they returned home from their long trip including stops from Argentina. Not to sound naive or anything but I believe President Xi meant every word of what he said at our long and hopefully historic meeting. ALL subjects discussed!,12/5/2018 13:19
.....China had agreed to start ï¿½ï¿½ï¿½immediatelyï¿½ï¿½ï¿½ buying U.S. products.ï,12/5/2018 12:49
ýýýChina officially echoed President Donald Trumpýýýs optimism over bilateral trade talks. Chinese officials have begun preparing to restart imports of U.S. Soybeans &amp; Liquified Natural Gas the first sign confirming the claims of President Donald Trump and the White House that......,12/5/2018 12:46
.....China does not want Tariffs!,12/5/2018 0:21
We are either going to have a REAL DEAL with China or no deal at all - at which point we will be charging major Tariffs against Chinese product being shipped into the United States. Ultimately I believe we will be making a deal - either now or into the future....,12/5/2018 0:20
.....But if a fair deal is able to be made with China one that does all of the many things we know must be finally done I will happily sign. Let the negotiations begin. MAKE AMERICA GREAT AGAIN!,12/4/2018 15:10
......on seeing whether or not a REAL deal with China is actually possible. If it is we will get it done. China is supposed to start buying Agricultural product and more immediately. President Xi and I want this deal to happen and it probably will. But if not remember......,12/4/2018 14:55
The negotiations with China have already started. Unless extended they will end 90 days from the date of our wonderful and very warm dinner with President Xi in Argentina. Bob Lighthizer will be working closely with Steve Mnuchin Larry Kudlow Wilbur Ross and Peter Navarro.....,12/4/2018 14:30
President Xi and I have a very strong and personal relationship. He and I are the only two people that can bring about massive and very positive change on trade and far beyond between our two great Nations. A solution for North Korea is a great thing for China and ALL!,12/3/2018 13:18
Farmers will be a a very BIG and FAST beneficiary of our deal with China. They intend to start purchasing agricultural product immediately. We make the finest and cleanest product in the World and that is what China wants. Farmers I LOVE YOU!,12/3/2018 13:01
My meeting in Argentina with President Xi of China was an extraordinary one. Relations with China have taken a BIG leap forward! Very good things will happen. We are dealing from great strength but China likewise has much to gain if and when a deal is completed. Level the field!,12/3/2018 12:54
China has agreed to reduce and remove tariffs on cars coming into China from the U.S. Currently the tariff is 40%.,12/3/2018 4:00
Billions of Dollars are pouring into the coffers of the U.S.A. because of the Tariffs being charged to China and there is a long way to go. If companies donï¿½ï¿½ï¿½t want to pay Tariffs build in the U.S.A. Otherwise lets just make our Country richer than ever b,11/29/2018 12:32
Very disappointed with General Motors and their CEO Mary Barra for closing plants in Ohio Michigan and Maryland. Nothing being closed in Mexico &amp; China. The U.S. saved General Motors and this is the THANKS we get! We are now looking at cutting all @GM subsidies including....,11/27/2018 19:05
....for electric cars. General Motors made a big China bet years ago when they built plants there (and in Mexico) - donï¿½ï¿½ï¿½t think that bet is going to pay off. I am here to protect Americaï¿½ï¿½ï,11/27/2018 19:05
Emmanuel Macron suggests building its own army to protect Europe against the U.S. China and Russia. But it was Germany in World Wars One &amp; Two - How did that work out for France? They were starting to learn German in Paris before the U.S. came along. Pay for NATO or not!,11/13/2018 11:50
President Macron of France has just suggested that Europe build its own military in order to protect itself from the U.S. China and Russia. Very insulting but perhaps Europe should first pay its fair share of NATO which the U.S. subsidizes greatly!,11/9/2018 21:10
Just had a long and very good conversation with President Xi Jinping of China. We talked about many subjects with a heavy emphasis on Trade. Those discussions are moving along nicely with meetings being scheduled at the G-20 in Argentina. Also had good discussion on North Korea!,11/1/2018 14:09
The New York Times has a new Fake Story that now the Russians and Chinese (glad they finally added China) are listening to all of my calls on cellphones. Except that I rarely use a cellphone &amp; when I do itï¿½ï¿½ï¿½s government authorized. I like Hard Lines. Just more made up Fake,10/25/2018 13:57
China is actually placing propaganda ads in the Des Moines Register and other papers made to look like news. Thatï¿½ï¿½ï¿½s because we are beating them on Trade opening markets and the farmers will make a fortune when this is over! https://t.co/ppdv,9/26/2018 17:26
.....China has been taking advantage of the United States on Trade for many years. They also know that I am the one that knows how to stop it. There will be great and fast economic retaliation against China if our farmers ranchers and/or industrial workers are targeted!,9/18/2018 12:55
China has openly stated that they are actively trying to impact and change our election by attacking our farmers ranchers and industrial workers because of their loyalty to me. What China does not understand is that these people are great patriots and fully understand that.....,9/18/2018 12:50
The Wall Street Journal has it wrong we are under no pressure to make a deal with China they are under pressure to make a deal with us. Our markets are surging theirs are collapsing. We will soon be taking in Billions in Tariffs &amp; making products at home. If we meet we meet?,9/13/2018 14:15
If the U.S. sells a car into China there is a tax of 25%. If China sells a car into the U.S. there is a tax of 2%. Does anybody think that is FAIR? The days of the U.S. being ripped-off by other nations is OVER!,9/9/2018 14:01
Apple prices may increase because of the massive Tariffs we may be imposing on China - but there is an easy solution where there would be ZERO tax and indeed a tax incentive. Make your products in the United States instead of China. Start building new plants now. Exciting! #MAGA,9/8/2018 15:45
...of money on joint U.S.-South Korea war games. Besides the President can instantly start the joint exercises again with South Korea and Japan if he so chooses. If he does they will be far bigger than ever before. As for the U.S.ï¿½ï¿½ï¿½China trade disputes and ot,8/29/2018 21:23
...differences they will be resolved in time by President Trump and Chinaï¿½ï¿½ï¿½s great President Xi Jinping. Their relationship and bond remain very s,8/29/2018 21:23
STATEMENT FROM THE WHITE HOUSEPresident Donald J. Trump feels strongly that North Korea is under tremendous pressure from China because of our major trade disputes with the Chinese Government. At the same time we also know that China is providing North Korea with...,8/29/2018 21:23
Hillary Clintonï¿½ï¿½ï¿½s Emails many of which are Classified Information got hacked by China. Next move better be by the FBI &amp; DOJ or after all of their other missteps (Comey McCabe Strzok Page Ohr FISA Dirty Dossier etc.) their credibility will be forever,8/29/2018 4:11
Report just out: ï¿½ï¿½ï¿½China hacked Hillary Clintonï¿½ï¿½ï¿½s private Email Server.ï¿½ï¿½ï¿½ Are they sure it wasnï¿½ï¿½ï¿½t Russia (just kidding!)? What are the odds that the FBI and DOJ are right on top of this? Actually a very big story. Much,8/29/2018 1:16
...Secretary Pompeo looks forward to going to North Korea in the near future most likely after our Trading relationship with China is resolved. In the meantime I would like to send my warmest regards and respect to Chairman Kim. I look forward to seeing him soon!,8/24/2018 17:36
...Additionally because of our much tougher Trading stance with China I do not believe they are helping with the process of denuclearization as they once were (despite the UN Sanctions which are in place)...,8/24/2018 17:36
It is outrageous that Poisonous Synthetic Heroin Fentanyl comes pouring into the U.S. Postal System from China. We can and must END THIS NOW! The Senate should pass the STOP ACT ï¿½ï¿½ï¿½ and firmly STOP this poison from killing our children and destroying our country. No more ,8/20/2018 17:14
All of the fools that are so focused on looking only at Russia should start also looking in another direction China. But in the end if we are smart tough and well prepared we will get along with everyone!,8/18/2018 11:46
Tom Fitton of Judicial Watch: ï¿½ï¿½ï¿½The Strzok firing is as much about the Mueller operation as anything else. There would be no Mueller Special Councel to investigate so called collusion but for the machinations of Strzok &amp; his colleagues at the top levels of the FBI. We know t,8/14/2018 10:59
As long as I campaign and/or support Senate and House candidates (within reason) they will win! I LOVE the people &amp; they certainly seem to like the job Iï¿½ï¿½ï¿½m doing. If I find the time in between China Iran the Economy and much more which I must we will have a giant Red,8/8/2018 15:25
....China which is for the first time doing poorly against us is spending a fortune on ads and P.R. trying to convince and scare our politicians to fight me on Tariffs- because they are really hurting their economy. Likewise other countries. We are Winning but must be strong!,8/4/2018 20:03
Tariffs are working far better than anyone ever anticipated. China market has dropped 27% in last 4months and they are talking to us. Our market is stronger than ever and will go up dramatically when these horrible Trade Deals are successfully renegotiated. America First.......,8/4/2018 19:47
China is targeting our farmers who they know I love &amp; respect as a way of getting me to continue allowing them to take advantage of the U.S. They are being vicious in what will be their failed attempt. We were being nice - until now! China made $517 Billion on us last year.,7/25/2018 11:20
China the European Union and others have been manipulating their currencies and interest rates lower while the U.S. is raising rates while the dollars gets stronger and stronger with each passing day - taking away our big competitive edge. As usual not a level playing field...,7/20/2018 12:43
I have confidence that Kim Jong Un will honor the contract we signed &amp; even more importantly our handshake. We agreed to the denuclearization of North Korea. China on the other hand may be exerting negative pressure on a deal because of our posture on Chinese Trade-Hope Not!,7/9/2018 14:25
Farmers have not been doing well for 15 years. Mexico Canada China and others have treated them unfairly. By the time I finish trade talks that will change. Big trade barriers against U.S. farmers and other businesses will finally be broken. Massive trade deficits no longer!,6/4/2018 13:47
China already charges a tax of 16% on soybeans. Canada has all sorts of trade barriers on our Agricultural products. Not acceptable!,6/4/2018 12:41
Very surprised that China would be doing this? https://t.co/D03kV07dF7,6/2/2018 16:35
Our Trade Deal with China is moving along nicely but in the end we will probably have to use a different structure in that this will be too hard to get done and to verify results after completion.,5/23/2018 11:55
Under our potential deal with China they will purchase from our Great American Farmers practically as much as our Farmers can produce.,5/21/2018 13:16
China must continue to be strong &amp; tight on the Border of North Korea until a deal is made. The word is that recently the Border has become much more porous and more has been filtering in. I want this to happen and North Korea to be VERY successful but only after signing!,5/21/2018 11:40
On China Barriers and Tariffs to come down for first time.,5/21/2018 11:31
China has agreed to buy massive amounts of ADDITIONAL Farm/Agricultural Products - would be one of the best things to happen to our farmers in many years!,5/21/2018 11:27
I ask Senator Chuck Schumer why didnï¿½ï¿½ï¿½t President Obama &amp; the Democrats do something about Trade with China including Theft of Intellectual Property etc.? They did NOTHING! With that being said Chuck &amp; I have long agreed on this issue! Fair Trade plus with China will h,5/21/2018 11:21
Talking trade with the Vice Premier of the Peopleï¿½ï¿½ï¿½s Republic of China Liu He. https://t.co/9T7I,5/17/2018 21:27
...We have not seen Chinaï¿½ï¿½ï¿½s demands yet which should be few in that previous U.S. Administrations have done so poorly in negotiating. China has seen our demands. There has been no folding as the media would love people to believe the meeti,5/16/2018 13:09
...havenï¿½ï¿½ï¿½t even started yet! The U.S. has very little to give because it has given so much over the years. China has much to,5/16/2018 13:09
The Washington Post and CNN have typically written false stories about our trade negotiations with China. Nothing has happened with ZTE except as it pertains to the larger trade deal. Our country has been losing hundreds of billions of dollars a year with China...,5/16/2018 13:09
Trade negotiations are continuing with China. They have been making hundreds of billions of dollars a year from the U.S. for many years. Stay tuned!,5/15/2018 12:35
ZTE the large Chinese phone company buys a big percentage of individual parts from U.S. companies. This is also reflective of the larger trade deal we are negotiating with China and my personal relationship with President Xi.,5/14/2018 20:06
China and the United States are working well together on trade but past negotiations have been so one sided in favor of China for so many years that it is hard for them to make a deal that benefits both countries. But be cool it will all work out!,5/13/2018 19:22
President Xi of China and I are working together to give massive Chinese phone company ZTE a way to get back into business fast. Too many jobs in China lost. Commerce Department has been instructed to get it done!,5/13/2018 15:01
I will be speaking to my friend President Xi of China this morning at 8:30. The primary topics will be Trade where good things will happen and North Korea where relationships and trust are building.,5/8/2018 11:22
Our high level delegation is on the way back from China where they had long meetings with Chinese leaders and business representatives. We will be meeting tomorrow to determine the results but it is hard for China in that they have become very spoiled with U.S. trade wins!,5/5/2018 0:31
Our great financial team is in China trying to negotiate a level playing field on trade! I look forward to being with President Xi in the not too distant future. We will always have a good (great) relationship!,5/3/2018 3:45
ýýýThis isnýýýt some game. You are screwing with the work of the president of the United States.ýýý  John Dowd March 2018.  With North Korea China the Middle East and so much more there is not much time to be thinking about this especially since there was no Russian ýýýCollusion.ýýý,5/2/2018 22:40
There was no Collusion (it is a Hoax) and there is no Obstruction of Justice (that is a setup &amp; trap). What there is is Negotiations going on with North Korea over Nuclear War Negotiations going on with China over Trade Deficits Negotiations on NAFTA and much more. Witch Hunt!,5/2/2018 11:45
Delegation heading to China to begin talks on the Massive Trade Deficit that has been created with our Country. Very much like North Korea this should have been fixed years ago not now. Same with other countries and NAFTA...but it will all get done. Great Potential for USA!,5/1/2018 11:00
Please do not forget the great help that my good friend President Xi of China has given to the United States particularly at the Border of North Korea. Without him it would have been a much longer tougher process!,4/27/2018 11:50
Russia and China are playing the Currency Devaluation game as the U.S. keeps raising interest rates. Not acceptable!,4/16/2018 12:31
So much Fake News about what is going on in the White House. Very calm and calculated with a big focus on open and fair trade with China the coming North Korea meeting and of course the vicious gas attack in Syria. Feels great to have Bolton &amp; Larry K on board. I (we) are,4/11/2018 10:38
Very thankful for President Xi of Chinaï¿½ï¿½ï¿½s kind words on tariffs and automobile barriers...also his enlightenment on intellectual property and technology transfers. We will make great progress tog,4/10/2018 18:30
Very thankful for President Xi of Chinaï¿½ï¿½ï¿½s kind words on tarrifs and automobile barriers...also his enlightenment on intellectual property and technology transfers. We will make great progress tog,4/10/2018 17:51
When a car is sent to the United States from China there is a Tariff to be paid of 2 1/2%. When a car is sent to China from the United States there is a Tariff to be paid of 25%. Does that sound like free or fair trade.  No it sounds like STUPID TRADE -  going on for years!,4/9/2018 10:03
President Xi and I will always be friends no matter what happens with our dispute on trade. China will take down its Trade Barriers because it is the right thing to do. Taxes will become Reciprocal &amp; a deal will be made on Intellectual Property. Great future for both countries!,4/8/2018 12:12
The United States hasnï¿½ï¿½ï¿½t had a Trade Surplus with China in 40 years. They must end unfair trade take down barriers and charge only Reciprocal Tariffs. The U.S. is losing $500 Billion a year and has been losing Billions of Dollars for decades. Cannot con,4/7/2018 18:03
China which is a great economic power is considered a Developing Nation within the World Trade Organization. They therefore get tremendous perks and advantages especially over the U.S. Does anybody think this is fair. We were badly represented. The WTO is unfair to U.S.,4/6/2018 14:32
The Fake News Washington Post Amazonï¿½ï¿½ï¿½s ï¿½ï¿½ï¿½chief lobbyistï¿½ï¿½ï¿½ has another (of many) phony headlines ï¿½ï¿½ï¿½Trump Defiant As China Adds Trade Penalties.ï¿½ï¿½ï¿½ WRONG! Should read ï¿½ï¿½ï¿½Trump Defiant as U.S. Adds Trade Penalties Will End Barriers And Massive  I.P,4/5/2018 13:10
We are not in a trade war with China that war was lost many years ago by the foolish or incompetent people who represented the U.S. Now we have a Trade Deficit of $500 Billion a year with Intellectual Property Theft of another $300 Billion. We cannot let this continue!,4/4/2018 11:22
Received message last night from XI JINPING of China that his meeting with KIM JONG UN went very well and that KIM looks forward to his meeting with me. In the meantime and unfortunately maximum sanctions and pressure must be maintained at all cost!,3/28/2018 10:16
Chinese President XI JINPING and I spoke at length about the meeting with KIM JONG UN of North Korea. President XI told me he appreciates that the U.S. is working to solve the problem diplomatically rather than going with the ominous alternative. China continues to be helpful!,3/10/2018 16:15
Chinese President XI XINPING and I spoke at length about the meeting with KIM JONG UN of North Korea. President XI told me he appreciates that the U.S. is working to solve the problem diplomatically rather than going with the ominous alternative. China continues to be helpful!,3/10/2018 15:22
China has been asked to develop a plan for the year of a One Billion Dollar reduction in their massive Trade Deficit with the United States. Our relationship with China has been a very good one and we look forward to seeing what ideas they come back with. We must act soon!,3/7/2018 15:10
I never said Russia did not meddle in the election I said ï¿½ï¿½ï¿½it may be Russia or China or another country or group or it may be a 400 pound genius sitting in bed and playing with his computer.ï¿½ï¿½ï¿½ The Russian ï¿½ï¿½ï¿½hoaxï¿½ï¿½ï¿½ was that the Trump campaign colluded wit,2/18/2018 12:33
I will be meeting with Henry Kissinger at 1:45pm. Will be discussing North Korea China and the Middle East.,2/8/2018 18:44
Caught RED HANDED - very disappointed that China is allowing oil to go into North Korea. There will never be a friendly solution to the North Korea problem if this continues to happen!,12/28/2017 16:24
The Chinese Envoy who just returned from North Korea seems to have had no impact on Little Rocket Man. Hard to believe his people and the military put up with living in such horrible conditions. Russia and China condemned the launch.,11/30/2017 12:25
Just spoke to President XI JINPING of China concerning the provocative actions of North Korea. Additional major sanctions will be imposed on North Korea today. This situation will be handled!,11/29/2017 14:40
...LaVar you could have spent the next 5 to 10 years during Thanksgiving with your son in China but no NBA contract to support you. But remember LaVar shoplifting is NOT a little thing. Itï¿½ï¿½ï¿½s a really big deal especially in China. Ungrateful,11/22/2017 10:33
It wasnï¿½ï¿½ï¿½t the White House it wasnï¿½ï¿½ï¿½t the State Department it wasnï¿½ï¿½ï¿½t father LaVarï¿½ï¿½ï¿½s so-called people on the ground in China that got his son out of a long term prison sentence - IT WAS ME. Too bad! LaVar is just a poor manï¿½ï¿½ï¿½s version of Don King but ,11/22/2017 10:25
Shoplifting is a very big deal in China as it should be (5-10 years in jail) but not to father LaVar. Should have gotten his son out during my next trip to China instead. China told them why they were released. Very ungrateful!,11/19/2017 23:36
Now that the three basketball players are out of China and saved from years in jail LaVar Ball the father of LiAngelo is unaccepting of what I did for his son and that shoplifting is no big deal. I should have left them in jail!,11/19/2017 17:42
China is sending an Envoy and Delegation to North Korea - A big move we'll see what happens!,11/16/2017 12:43
To the three UCLA basketball players I say:  You're welcome go out and give a big Thank You to President Xi Jinping of China who made.....,11/16/2017 11:30
The failing @nytimes hates the fact that I have developed a great relationship with World leaders like Xi Jinping President of China.....,11/15/2017 16:35
Met with President Putin of Russia who was at #APEC meetings. Good discussions on Syria. Hope for his help to solve along with China the dangerous North Korea crisis. Progress being made.,11/12/2017 0:16
President Xi of China has stated that he is upping the sanctions against #NoKo. Said he wants them to denuclearize. Progress is being made.,11/11/2017 23:32
I am leaving China for #APEC2017 in Vietnam. @FLOTUS Melania is staying behind to see the zoo and of course the Great WALL of China before going to Alaska to greet our AMAZING troops.,11/10/2017 1:17
I donï¿½ï¿½ï¿½t blame China I blame the incompetence of past Admins for allowing China to take advantage of the U.S. on trade leading up to a point where the U.S. is losing $100's of billions. How can you blame China for taking advantage of people that had no clue? I would've done,11/9/2017 23:39
In the coming months and years ahead I look forward to building an even STRONGER relationship between the United States and China. ï¿½ï¿½ï¿½ï¿½ï¿½ï¿½ï¿½ï¿½ï¿½ï¿½ï¿½ï¿½ï¿½ï,11/9/2017 13:58
Looking forward to a full day of meetings with President Xi and our delegations tomorrow. THANK YOU for the beautiful welcome China! @FLOTUS Melania and I will never forget it! https://t.co/sQoUWIGAiQ,11/8/2017 15:40
Leaving South Korea now heading to China. Looking very much forward to meeting and being with President Xi!,11/8/2017 4:57
Getting ready to make a major speech to the National Assembly here in South Korea then will be headed to China where I very much look forward to meeting with President Xi who is just off his great political victory.,11/8/2017 1:00
Just took off for ceremony @ Pearl Harbor. Will then be heading to Japan SKorea China Vietnam &amp; the Philippines. Will never let you down!,11/3/2017 14:45
Melania and I look forward to being with President Xi &amp; Madame Peng Liyuan in China in two weeks for what will hopefully be a historic trip! https://t.co/uFMonzza7N,10/25/2017 19:39
Spoke to President Xi of China to congratulate him on his extraordinary elevation. Also discussed NoKo &amp; trade two very important subjects!,10/25/2017 19:24
China has a business tax rate of 15%. We should do everything possible to match them in order to win with our economy. Jobs and wages!,9/14/2017 2:22
..North Korea is a rogue nation which has become a great threat and embarrassment to China which is trying to help but with little success.,9/3/2017 11:39
The United Nations Security Council just voted 15-0 to sanction North Korea. China and Russia voted with us. Very big financial impact!,8/5/2017 22:44
...they do NOTHING for us with North Korea just talk. We will no longer allow this to continue. China could easily solve this problem!,7/29/2017 23:35
I am very disappointed in China. Our foolish past leaders have allowed them to make hundreds of billions of dollars a year in trade yet...,7/29/2017 23:29
Leaving Hamburg for Washington D.C. and the WH. Just left Chinaï¿½ï¿½ï¿½s President Xi where we had an excellent meeting on trade &amp; North ,7/8/2017 18:55
Trade between China and North Korea grew almost 40% in the first quarter. So much for China working with us - but we had to give it a try!,7/5/2017 11:21
....and Japan will put up with this much longer. Perhaps China will put a heavy move on North Korea and end this nonsense once and for all!,7/4/2017 2:24
While I greatly appreciate the efforts of President Xi &amp; China to help with North Korea it has not worked out. At least I know China tried!,6/20/2017 18:38
North Korea has shown great disrespect for their neighbor China by shooting off yet another ballistic missile...but China is trying hard!,5/29/2017 12:18
China just agreed that the U.S. will be allowed to sell beef and other major products into China once again. This is REAL news!,5/12/2017 13:20
North Korea disrespected the wishes of China &amp; its highly respected President when it launched though unsuccessfully a missile today. Bad!,4/28/2017 23:26
China is very much the economic lifeline to North Korea so while nothing is easy if they want to solve the North Korean problem they will,4/21/2017 13:04
Why would I call China a currency manipulator when they are working with us on the North Korean problem? We will see what happens!,4/16/2017 12:18
I have great confidence that China will properly deal with North Korea. If they are unable to do so the U.S. with its allies will! U.S.A.,4/13/2017 13:08
Had a very good call last night with the President of China concerning the menace of North Korea.,4/12/2017 12:22
North Korea is looking for trouble. If China decides to help that would be great. If not we will solve the problem without them!  U.S.A.,4/11/2017 12:03
I explained to the President of China that a trade deal with the U.S. will be far better for them if they solve the North Korean problem!,4/11/2017 11:59
It was a great honor to have President Xi Jinping and Madame Peng Liyuan of China as our guests in the United States. Tremendous...,4/8/2017 14:50
The meeting next week with China will be a very difficult one in that we can no longer have massive trade deficits...,3/30/2017 22:16
"North Korea is behaving very badly. They have been ""playing"" the United States for years. China has done little to help!",3/17/2017 13:07
"The failing @nytimes does major FAKE NEWS China story saying ""Mr.Xi has not spoken to Mr. Trump since Nov.14."" We spoke at length yesterday!",2/10/2017 13:35
China has been taking out massive amounts of money &amp; wealth from the U.S. in totally one-sided trade but won't help with North Korea. Nice!,1/2/2017 23:47
We should tell China that we don't want the drone they stole back.- let them keep it!,12/18/2016 0:59
China steals United States Navy research drone in international waters - rips it out of water and takes it to China in unprecedented act.,12/17/2016 13:57
their country (the U.S. doesn't tax them) or to build a massive military complex in the middle of the South China Sea?  I don't think so!,12/4/2016 22:30
Did China ask us if it was OK to devalue their currency (making it hard for our companies to compete) heavily tax our products going into..,12/4/2016 22:23
I have recieved and taken calls from many foreign leaders despite what the failing @nytimes said. Russia U.K. China Saudi Arabia Japan,11/16/2016 12:17
"China wouldn't provide a red carpet stairway from Air Force One and then Philippines President calls Obama ""the son of a whore."" Terrible!",9/6/2016 11:12
The @USCHAMBER must fight harder for the American worker. China and many others are taking advantage of U.S. with our terrible trade pacts,6/29/2016 13:09
Hillary Clinton surged the trade deficit with China 40% asSecretary of State costing Americans millions of jobs.,6/21/2016 16:38
Crooked Hillary has zero imagination and even less stamina. ISIS China Russia and all would love for her to be president. 4 more years!,5/20/2016 9:47
Crooked Hillary Clinton put out an ad where I am misquoted on women. Can't believe she would misrepresent the facts! My hit was on China,5/17/2016 11:46
"The pathetic new hit ad against me misrepresents the final line. ""You can tell them to go BLANK themselves"" - was about China NOT WOMEN!",5/17/2016 11:37
If Crooked Hillary Clinton can't close the deal on Crazy Bernie how is she going to take on China Russia ISIS and all of the others?,5/14/2016 1:03
Crooked Hillary just can't close the deal with Bernie. It will be the same way with ISIS and China on trade and Mexico at the border. Bad!,5/8/2016 20:15
